{"lutqU+ctoBW3F1K8+PIXqw==":"webg&o-4-121x94.png","0+R6AcU6i5As/MASTTSBxg==":"webg&o-6-1618x1080.png","llSnFXb1jagnfub49Tv1cg==":"logo%20png%20campa%C3%B1a-7-96x40.png","DNaWun2I6UUtS6g6m/avqg==":"grapix%20logo%20oficial-96x96.png","LAMDqWENxJY1Npri4Z3XTA==":"grapix%20logo%20oficial-96x96.png","DDMeRHlwFq7n7tO8S2sfxQ==":"webg&o-5-181x140.png","b6eMP0b/chiyQf9mD6pDtQ==":"webg&o-4-182x141.png","pNddnzcQC3TVxUr7mtxAOw==":"logo%20web%20nuevo_mesa%20de%20trabajo%201%20copia%2020-96x36.png","ZS/5Xmj9lIJuOyBSyaty1g==":"logo%20web%20nuevo%20m_mesa%20de%20trabajo%201%20copia%2020-96x52.png","eYJ1qW9ZwYyBq+qPj63Z5Q==":"logo1.png","1IUpQWvdTHCq9N7mFgB7ZA==":"logo%20web%20nuevo%20m_mesa%20de%20trabajo%201%20copia%2020-96x52.png","d3m6QAcRBS3AI6gfMC9oRw==":"logo%20web%20nuevo%20m_mesa%20de%20trabajo%201%20copia%2020-96x52.png","atK0W2jIUVP3drxLWZaH4g==":"35.jpg","lTdsUtcxZRJKLLOeUeGqMA==":"logo%20web%20nuevo%20m_mesa%20de%20trabajo%201%20copia%2020-160x86.png","qY9g1aiohUWJ/al6P35ZKA==":"logo2.png","iEWg1UV+vYwL5jeN2DUkKA==":"logo%20web%20nuevo%20m_mesa%20de%20trabajo%201%20copia%2020-160x86.png","CEL66U6Qx7/RuJ3YblKuxg==":"logo%20web%20nuevo_mesa%20de%20trabajo%201%20copia%2021-96x52.png","3T+28TGT5Y5kkoOivxbLuA==":"logo%20web%20nuevo_mesa%20de%20trabajo%201%20copia%2021-192x104.png","KcgbQQiKvQewzlbas/t3Hw==":"logo%20web%20nuevo%20m_mesa%20de%20trabajo%201%20copia%2020-160x86.png","1/a6k/Zuoj0INXbti4Bneg==":"logo%20web%20nuevo%20m_mesa%20de%20trabajo%201%20copia%2020-96x52.png","DYQZPRZLSHGTE0/WJWU7GA==":"webg&o-9-1620x1080.png","DLe1usAYt1mea7M+8KHAKw==":"background1.jpg","++8Hq0n8cOPLC+ERgeeKFQ==":"webg&o-7-1920x1080.png","qndqjPTRN6OGe5McElgExQ==":"mbr-1920x1277.jpg","2vxSWls3KceIrulAr0oPXQ==":"background4.jpg","+LuOGBduzkvNSZkJAjVt3g==":"mbr-759x506.jpg","3KCgoU7ixcbsXQUWV8o5uQ==":"mbr-1-759x506.jpg","em1t7dxBKEyyNJzXD7QKLg==":"mbr-1-759x506.jpeg","Z4SNT9HtdXpG6rky59tKTA==":"mbr-759x506.jpeg","3O0YGE1+gRv5GI7+VWW7eA==":"mbr-2-759x506.jpeg","rE6SiiEHVMnkIPJs/tRyZg==":"mbr-1920x1440.jpg","uflmBYRwzNJQJi6fGt950g==":"mbr-759x1074.jpg","bVbANaJOyUEYUEA93yuK1w==":"face3.jpeg","DjPHPFnuL2p28JfOp7wwvA==":"mbr-759x1074.jpeg","FZ9RRKtKW+8B3XIWe3AaYg==":"face2.jpeg","5n2BgR4VuVqjMT53g656CQ==":"face1.jpeg","EK7q4NYlQgtuRri7T+VSng==":"webg&o-2-1618x1080.png"}